{
	"partitions" : [
		{
			"name" : "Top",
			"pins" : [
				{
					"name" : "LED[0]",
					"strict" : false
				},
				{
					"name" : "LED[1]",
					"strict" : false
				},
				{
					"name" : "LED[2]",
					"strict" : false
				},
				{
					"name" : "LED[3]",
					"strict" : false
				},
				{
					"name" : "LED[4]",
					"strict" : false
				},
				{
					"name" : "LED[5]",
					"strict" : false
				},
				{
					"name" : "LED[6]",
					"strict" : false
				},
				{
					"name" : "LED[7]",
					"strict" : false
				},
				{
					"name" : "Switch[0]",
					"strict" : false
				},
				{
					"name" : "Switch[1]",
					"strict" : false
				},
				{
					"name" : "Switch[2]",
					"strict" : false
				},
				{
					"name" : "Switch[3]",
					"strict" : false
				},
				{
					"name" : "Switch[4]",
					"strict" : false
				},
				{
					"name" : "Switch[5]",
					"strict" : false
				},
				{
					"name" : "Switch[6]",
					"strict" : false
				},
				{
					"name" : "Switch[7]",
					"strict" : false
				}
			]
		}
	]
}